# Original Stilltime reflections. Series links provide context, not evidence of canon dialogue.
ONE_PIECE	Your dream deserves a departure date, not another year at the harbor.	Stilltime · original reflection	One Piece · inspired, not canon	https://www.viz.com/one-piece
ONE_PIECE	A crew grows stronger when every quiet talent has room on deck.	Stilltime · original reflection	One Piece · inspired, not canon	https://www.viz.com/one-piece
ONE_PIECE	You can change your route without surrendering your destination.	Stilltime · original reflection	One Piece · inspired, not canon	https://www.viz.com/one-piece
ONE_PIECE	Let your friends carry a little weight before your courage runs empty.	Stilltime · original reflection	One Piece · inspired, not canon	https://www.viz.com/one-piece
ONE_PIECE	Some treasures are people who make the journey feel like home.	Stilltime · original reflection	One Piece · inspired, not canon	https://www.viz.com/one-piece
ONE_PIECE	A difficult sea does not make your small boat a foolish beginning.	Stilltime · original reflection	One Piece · inspired, not canon	https://www.viz.com/one-piece
ONE_PIECE	Build a life with enough freedom to recognize your own laughter.	Stilltime · original reflection	One Piece · inspired, not canon	https://www.viz.com/one-piece
ONE_PIECE	Practice your craft even when the horizon offers no applause.	Stilltime · original reflection	One Piece · inspired, not canon	https://www.viz.com/one-piece
ONE_PIECE	You do not need to master every skill to belong on the voyage.	Stilltime · original reflection	One Piece · inspired, not canon	https://www.viz.com/one-piece
ONE_PIECE	When the map ends, curiosity can become your next compass.	Stilltime · original reflection	One Piece · inspired, not canon	https://www.viz.com/one-piece
ONE_PIECE	Feed your hope with action, and remember to feed yourself too.	Stilltime · original reflection	One Piece · inspired, not canon	https://www.viz.com/one-piece
ONE_PIECE	One honest promise can give an uncertain journey its direction.	Stilltime · original reflection	One Piece · inspired, not canon	https://www.viz.com/one-piece
ONE_PIECE	Protect the dreamer in you without ignoring the weather ahead.	Stilltime · original reflection	One Piece · inspired, not canon	https://www.viz.com/one-piece
ONE_PIECE	Rest at the island; resting is not the same as abandoning the sea.	Stilltime · original reflection	One Piece · inspired, not canon	https://www.viz.com/one-piece
ONE_PIECE	The person beside you may be the reason you survive the storm.	Stilltime · original reflection	One Piece · inspired, not canon	https://www.viz.com/one-piece
ONE_PIECE	Do not measure your voyage by someone else's starting shore.	Stilltime · original reflection	One Piece · inspired, not canon	https://www.viz.com/one-piece
ONE_PIECE	Make room for joy before success gives you permission.	Stilltime · original reflection	One Piece · inspired, not canon	https://www.viz.com/one-piece
ONE_PIECE	A detour can introduce you to the people your dream was missing.	Stilltime · original reflection	One Piece · inspired, not canon	https://www.viz.com/one-piece
ONE_PIECE	Your worth is larger than the label a stranger gives you.	Stilltime · original reflection	One Piece · inspired, not canon	https://www.viz.com/one-piece
ONE_PIECE	Choose companions who celebrate your freedom, not your obedience.	Stilltime · original reflection	One Piece · inspired, not canon	https://www.viz.com/one-piece
NARUTO	The version of you that struggled still deserves a place in your story.	Stilltime · original reflection	Naruto · inspired, not canon	https://www.viz.com/naruto
NARUTO	Practice is a quiet way of telling tomorrow that you intend to show up.	Stilltime · original reflection	Naruto · inspired, not canon	https://www.viz.com/naruto
NARUTO	You can want recognition without letting it decide your worth.	Stilltime · original reflection	Naruto · inspired, not canon	https://www.viz.com/naruto
NARUTO	A lonely beginning does not have to become a lonely future.	Stilltime · original reflection	Naruto · inspired, not canon	https://www.viz.com/naruto
NARUTO	Let the pain teach you care, not an obligation to become harder.	Stilltime · original reflection	Naruto · inspired, not canon	https://www.viz.com/naruto
NARUTO	The strongest promise is the one your daily habits can support.	Stilltime · original reflection	Naruto · inspired, not canon	https://www.viz.com/naruto
NARUTO	Ask for a teacher; needing guidance is not a failure of resolve.	Stilltime · original reflection	Naruto · inspired, not canon	https://www.viz.com/naruto
NARUTO	Your next attempt can be wiser without being perfect.	Stilltime · original reflection	Naruto · inspired, not canon	https://www.viz.com/naruto
NARUTO	Be someone who notices the person standing outside the circle.	Stilltime · original reflection	Naruto · inspired, not canon	https://www.viz.com/naruto
NARUTO	You are allowed to outgrow the role others assigned you.	Stilltime · original reflection	Naruto · inspired, not canon	https://www.viz.com/naruto
NARUTO	Strength that protects a friendship is worth training for.	Stilltime · original reflection	Naruto · inspired, not canon	https://www.viz.com/naruto
NARUTO	Consistency can open doors that talent forgot to knock on.	Stilltime · original reflection	Naruto · inspired, not canon	https://www.viz.com/naruto
NARUTO	Forgiveness is a choice, not a deadline someone else sets.	Stilltime · original reflection	Naruto · inspired, not canon	https://www.viz.com/naruto
NARUTO	Your past explains some scars; it does not command your next decision.	Stilltime · original reflection	Naruto · inspired, not canon	https://www.viz.com/naruto
NARUTO	Learn your limits so you can train with care instead of shame.	Stilltime · original reflection	Naruto · inspired, not canon	https://www.viz.com/naruto
NARUTO	An ordinary afternoon of practice can change an extraordinary day.	Stilltime · original reflection	Naruto · inspired, not canon	https://www.viz.com/naruto
NARUTO	You do not need to become cold to become dependable.	Stilltime · original reflection	Naruto · inspired, not canon	https://www.viz.com/naruto
NARUTO	Listen closely; an opponent's story may reveal a problem fighting cannot solve.	Stilltime · original reflection	Naruto · inspired, not canon	https://www.viz.com/naruto
NARUTO	Let belonging begin with how kindly you speak to yourself.	Stilltime · original reflection	Naruto · inspired, not canon	https://www.viz.com/naruto
NARUTO	Keep a promise small enough to practice and meaningful enough to matter.	Stilltime · original reflection	Naruto · inspired, not canon	https://www.viz.com/naruto
LOTM	In unfamiliar territory, a careful question can be braver than a confident answer.	Stilltime · original reflection	Lord of Mysteries · novel · inspired, not canon	https://www.webnovel.com/book/lord-of-mysteries_11022733006234505
LOTM	Guard your humanity as carefully as you guard your secrets.	Stilltime · original reflection	Lord of Mysteries · novel · inspired, not canon	https://www.webnovel.com/book/lord-of-mysteries_11022733006234505
LOTM	Preparation is hope with its sleeves rolled up.	Stilltime · original reflection	Lord of Mysteries · novel · inspired, not canon	https://www.webnovel.com/book/lord-of-mysteries_11022733006234505
LOTM	Not every closed door is a challenge; some are warnings worth respecting.	Stilltime · original reflection	Lord of Mysteries · novel · inspired, not canon	https://www.webnovel.com/book/lord-of-mysteries_11022733006234505
LOTM	Stay curious without making certainty out of a glimpse.	Stilltime · original reflection	Lord of Mysteries · novel · inspired, not canon	https://www.webnovel.com/book/lord-of-mysteries_11022733006234505
LOTM	Keep something ordinary that reminds you who you are.	Stilltime · original reflection	Lord of Mysteries · novel · inspired, not canon	https://www.webnovel.com/book/lord-of-mysteries_11022733006234505
LOTM	An honest doubt can protect you from an elegant mistake.	Stilltime · original reflection	Lord of Mysteries · novel · inspired, not canon	https://www.webnovel.com/book/lord-of-mysteries_11022733006234505
LOTM	Learn the price before calling an opportunity a gift.	Stilltime · original reflection	Lord of Mysteries · novel · inspired, not canon	https://www.webnovel.com/book/lord-of-mysteries_11022733006234505
LOTM	The role you perform should not erase the person who returns home.	Stilltime · original reflection	Lord of Mysteries · novel · inspired, not canon	https://www.webnovel.com/book/lord-of-mysteries_11022733006234505
LOTM	Quiet competence grows from details nobody applauds.	Stilltime · original reflection	Lord of Mysteries · novel · inspired, not canon	https://www.webnovel.com/book/lord-of-mysteries_11022733006234505
LOTM	When the world feels strange, begin with the next verifiable fact.	Stilltime · original reflection	Lord of Mysteries · novel · inspired, not canon	https://www.webnovel.com/book/lord-of-mysteries_11022733006234505
LOTM	A small act of kindness can anchor you in a bewildering day.	Stilltime · original reflection	Lord of Mysteries · novel · inspired, not canon	https://www.webnovel.com/book/lord-of-mysteries_11022733006234505
LOTM	You can proceed cautiously and still be moving forward.	Stilltime · original reflection	Lord of Mysteries · novel · inspired, not canon	https://www.webnovel.com/book/lord-of-mysteries_11022733006234505
LOTM	Write down what you know; leave space for what you have not understood.	Stilltime · original reflection	Lord of Mysteries · novel · inspired, not canon	https://www.webnovel.com/book/lord-of-mysteries_11022733006234505
LOTM	The wisest preparation includes a way to retreat safely.	Stilltime · original reflection	Lord of Mysteries · novel · inspired, not canon	https://www.webnovel.com/book/lord-of-mysteries_11022733006234505
LOTM	Trust can be built slowly without being built weakly.	Stilltime · original reflection	Lord of Mysteries · novel · inspired, not canon	https://www.webnovel.com/book/lord-of-mysteries_11022733006234505
LOTM	You do not have to solve every mystery to live meaningfully today.	Stilltime · original reflection	Lord of Mysteries · novel · inspired, not canon	https://www.webnovel.com/book/lord-of-mysteries_11022733006234505
LOTM	Let your principles remain recognizable when your circumstances change.	Stilltime · original reflection	Lord of Mysteries · novel · inspired, not canon	https://www.webnovel.com/book/lord-of-mysteries_11022733006234505
LOTM	Knowledge is useful; knowing its limits is protective.	Stilltime · original reflection	Lord of Mysteries · novel · inspired, not canon	https://www.webnovel.com/book/lord-of-mysteries_11022733006234505
LOTM	Hold on to the people who know you beyond your titles.	Stilltime · original reflection	Lord of Mysteries · novel · inspired, not canon	https://www.webnovel.com/book/lord-of-mysteries_11022733006234505
BLEACH	Protecting others begins with accepting that you need protection too.	Stilltime · original reflection	Bleach · inspired, not canon	https://www.viz.com/bleach
BLEACH	Meet the difficult part of yourself with attention, not only resistance.	Stilltime · original reflection	Bleach · inspired, not canon	https://www.viz.com/bleach
BLEACH	Your strength has more meaning when you know what it serves.	Stilltime · original reflection	Bleach · inspired, not canon	https://www.viz.com/bleach
BLEACH	Fear can stand beside you without taking the first step for you.	Stilltime · original reflection	Bleach · inspired, not canon	https://www.viz.com/bleach
BLEACH	Let grief be part of your life without making it your only name.	Stilltime · original reflection	Bleach · inspired, not canon	https://www.viz.com/bleach
BLEACH	The courage to ask for help belongs beside the courage to act.	Stilltime · original reflection	Bleach · inspired, not canon	https://www.viz.com/bleach
BLEACH	Sometimes growth means listening to the voice you keep trying to silence.	Stilltime · original reflection	Bleach · inspired, not canon	https://www.viz.com/bleach
BLEACH	Carry responsibility with others before it becomes a lonely burden.	Stilltime · original reflection	Bleach · inspired, not canon	https://www.viz.com/bleach
BLEACH	You can hold your ground without hardening every part of your heart.	Stilltime · original reflection	Bleach · inspired, not canon	https://www.viz.com/bleach
BLEACH	Being dependable does not require pretending you never feel afraid.	Stilltime · original reflection	Bleach · inspired, not canon	https://www.viz.com/bleach
BLEACH	A setback can reveal a skill that deserves patient rebuilding.	Stilltime · original reflection	Bleach · inspired, not canon	https://www.viz.com/bleach
BLEACH	Do not confuse an unfamiliar self with a lesser self.	Stilltime · original reflection	Bleach · inspired, not canon	https://www.viz.com/bleach
BLEACH	What you choose to protect tells you something about who you are.	Stilltime · original reflection	Bleach · inspired, not canon	https://www.viz.com/bleach
BLEACH	Give your recovery the same respect you give your effort.	Stilltime · original reflection	Bleach · inspired, not canon	https://www.viz.com/bleach
BLEACH	The answer to inner conflict may begin with understanding, not conquest.	Stilltime · original reflection	Bleach · inspired, not canon	https://www.viz.com/bleach
BLEACH	Make your resolve precise enough to guide your next small action.	Stilltime · original reflection	Bleach · inspired, not canon	https://www.viz.com/bleach
BLEACH	You do not owe the world a performance of invulnerability.	Stilltime · original reflection	Bleach · inspired, not canon	https://www.viz.com/bleach
BLEACH	A steady presence can help more than a dramatic promise.	Stilltime · original reflection	Bleach · inspired, not canon	https://www.viz.com/bleach
BLEACH	Your identity can grow without betraying the person you used to be.	Stilltime · original reflection	Bleach · inspired, not canon	https://www.viz.com/bleach
BLEACH	Choose strength that leaves room for tenderness.	Stilltime · original reflection	Bleach · inspired, not canon	https://www.viz.com/bleach
ATTACK_ON_TITAN	Question the walls around your thinking before calling them the edge of the world.	Stilltime · original reflection	Attack on Titan · inspired, not canon	https://kodansha.us/series/attack-on-titan/
ATTACK_ON_TITAN	Courage needs compassion if it is going to build anything worth keeping.	Stilltime · original reflection	Attack on Titan · inspired, not canon	https://kodansha.us/series/attack-on-titan/
ATTACK_ON_TITAN	An uncertain future still deserves thoughtful choices today.	Stilltime · original reflection	Attack on Titan · inspired, not canon	https://kodansha.us/series/attack-on-titan/
ATTACK_ON_TITAN	Freedom is more meaningful when it makes room for someone else's life.	Stilltime · original reflection	Attack on Titan · inspired, not canon	https://kodansha.us/series/attack-on-titan/
ATTACK_ON_TITAN	Do not let fear turn an unfamiliar person into a simple story.	Stilltime · original reflection	Attack on Titan · inspired, not canon	https://kodansha.us/series/attack-on-titan/
ATTACK_ON_TITAN	A better world begins with refusing to repeat every lesson of a cruel one.	Stilltime · original reflection	Attack on Titan · inspired, not canon	https://kodansha.us/series/attack-on-titan/
ATTACK_ON_TITAN	You can remember what was lost without losing everything that remains.	Stilltime · original reflection	Attack on Titan · inspired, not canon	https://kodansha.us/series/attack-on-titan/
ATTACK_ON_TITAN	When the stakes feel enormous, choose the next responsible action.	Stilltime · original reflection	Attack on Titan · inspired, not canon	https://kodansha.us/series/attack-on-titan/
ATTACK_ON_TITAN	Teamwork means sharing information as well as sharing danger.	Stilltime · original reflection	Attack on Titan · inspired, not canon	https://kodansha.us/series/attack-on-titan/
ATTACK_ON_TITAN	Learning more may change your mind; let that be a sign of growth.	Stilltime · original reflection	Attack on Titan · inspired, not canon	https://kodansha.us/series/attack-on-titan/
ATTACK_ON_TITAN	A cause should survive honest questions, not demand their silence.	Stilltime · original reflection	Attack on Titan · inspired, not canon	https://kodansha.us/series/attack-on-titan/
ATTACK_ON_TITAN	Hope can be practical: a plan, a conversation, a repaired mistake.	Stilltime · original reflection	Attack on Titan · inspired, not canon	https://kodansha.us/series/attack-on-titan/
ATTACK_ON_TITAN	Stay alert to the cost of becoming what you oppose.	Stilltime · original reflection	Attack on Titan · inspired, not canon	https://kodansha.us/series/attack-on-titan/
ATTACK_ON_TITAN	You are more than your usefulness during a crisis.	Stilltime · original reflection	Attack on Titan · inspired, not canon	https://kodansha.us/series/attack-on-titan/
ATTACK_ON_TITAN	Small moments of peace deserve care before they become memories.	Stilltime · original reflection	Attack on Titan · inspired, not canon	https://kodansha.us/series/attack-on-titan/
ATTACK_ON_TITAN	The unknown is not always an enemy; sometimes it is an invitation to learn.	Stilltime · original reflection	Attack on Titan · inspired, not canon	https://kodansha.us/series/attack-on-titan/
ATTACK_ON_TITAN	Protect your ability to see people, even when the crowd sees only sides.	Stilltime · original reflection	Attack on Titan · inspired, not canon	https://kodansha.us/series/attack-on-titan/
ATTACK_ON_TITAN	Survival matters, and so does the way we help each other live.	Stilltime · original reflection	Attack on Titan · inspired, not canon	https://kodansha.us/series/attack-on-titan/
ATTACK_ON_TITAN	Let loss deepen your care rather than decide whom you must hate.	Stilltime · original reflection	Attack on Titan · inspired, not canon	https://kodansha.us/series/attack-on-titan/
ATTACK_ON_TITAN	Beyond a familiar boundary, bring curiosity with you instead of certainty.	Stilltime · original reflection	Attack on Titan · inspired, not canon	https://kodansha.us/series/attack-on-titan/
